<?xml version="1.0"?>
<!-- https://pmd.github.io/pmd&#45;5.4.0/pmd&#45;java/rules/index.html -->
<ruleset name="Custom ruleset"
    xmlns="http://pmd.sourceforge.net/ruleset/2.0.0"
    xmlns:xsi="http://www.w3.org/2001/XMLSchema-instance"
    xsi:schemaLocation="http://pmd.sourceforge.net/ruleset/2.0.0 http://pmd.sourceforge.net/ruleset_2_0_0.xsd">
 
  <description>
      Java custom rule set
  </description>
 
<!-- <rule ref="rulesets/java/basic.xml"/> -->
<!-- <rule ref="rulesets/java/braces.xml" /> -->
<!-- <rule ref="rulesets/java/controversial.xml"> -->
<!--     <exclude name="OnlyOneReturn" /> -->
<!--     <exclude name="AtLeastOneConstructor" /> -->
<!--     <exclude name="DataflowAnomalyAnalysis" /> -->
<!-- </rule> -->
<!-- <rule ref="rulesets/java/coupling.xml"> -->
<!--     <exclude name="LawOfDemeter"/> -->
<!-- </rule> -->
<!-- <rule ref="rulesets/java/design.xml" /> -->
<!-- <rule ref="rulesets/java/empty.xml" /> -->
<!-- <rule ref="rulesets/java/finalizers.xml" /> -->
<!-- <rule ref="rulesets/java/imports.xml" /> -->
<!-- <rule ref="rulesets/java/naming.xml"> -->
<!--     <exclude name="AvoidFieldNameMatchingMethodName"/> -->
<!-- </rule> -->
<!-- <rule ref="rulesets/java/naming.xml/LongVariable"> -->
<!-- <properties> -->
<!--     <property name="minimum" value="25" /> -->
<!-- </properties> -->
<!-- </rule> -->
<!-- <rule ref="rulesets/java/optimizations.xml"> -->
<!--     <exclude name="MethodArgumentCouldBeFinal"/> -->
<!--     <exclude name="LocalVariableCouldBeFinal"/> -->
<!--     <exclude name="RedundantFieldInitializer"/> -->
<!-- </rule> -->
<!-- <rule ref="rulesets/java/strictexception.xml"> -->
<!--     <exclude name="AvoidCatchingThrowable"/> -->
<!--     <exclude name="AvoidThrowingRawExceptionTypes"/> -->
<!--     <exclude name="AvoidThrowingNullPointerException"/> -->
<!-- </rule> -->
<!-- <rule ref="rulesets/java/strings.xml" /> -->
<!-- <rule ref="rulesets/java/typeresolution.xml" /> -->
<!-- <rule ref="rulesets/java/unnecessary.xml" /> -->
<rule ref="rulesets/java/unusedcode.xml" />

<!-- ========================================================== -->
<!-- <rule ref="rulesets/java/codesize.xml" /> -->
<!-- <rule ref="rulesets/java/comments.xml" /> -->
<!-- <rule ref="rulesets/java/android.xml" /> -->
<!-- <rule ref="rulesets/java/clone.xml" /> -->
<!-- <rule ref="rulesets/java/j2ee.xml" /> -->
<!-- <rule ref="rulesets/java/javabeans.xml" /> -->
<!-- <rule ref="rulesets/java/junit.xml" /> -->
<!-- <rule ref="rulesets/java/logging&#45;jakarta&#45;commons.xml" /> -->
<!-- <rule ref="rulesets/java/logging&#45;java.xml" /> -->
<!-- <rule ref="rulesets/java/migrating.xml" /> -->
<!-- <rule ref="rulesets/java/migrating_to_13.xml" /> -->
<!-- <rule ref="rulesets/java/migrating_to_14.xml" /> -->
<!-- <rule ref="rulesets/java/migrating_to_15.xml" /> -->
<!-- <rule ref="rulesets/java/migrating_to_junit4.xml" /> -->
<!-- <rule ref="rulesets/java/sunsecure.xml" /> -->



</ruleset>
